Date,Adj Close,Close,High,Low,Open,Volume
2024-04-02,505.2115173339844,518.8400268554688,518.97998046875,516.47998046875,518.239990234375,74230300
2024-04-03,505.7664794921875,519.4099731445312,520.9500122070312,517.6699829101562,517.719970703125,59155800
2024-04-04,499.5930480957031,513.0700073242188,523.8699951171875,512.760009765625,523.52001953125,96858100
2024-04-05,504.81219482421875,518.4299926757812,520.4400024414062,514.010009765625,514.4600219726562,74546500
2024-04-08,505.094482421875,518.719970703125,520.1799926757812,517.8900146484375,519.1500244140625,48401800
2024-04-09,505.6788024902344,519.3200073242188,520.75,514.3499755859375,520.5,68049200
2024-04-10,500.61541748046875,514.1199951171875,516.1599731445312,512.0900268554688,513.47998046875,82652800
2024-04-11,504.3935852050781,518.0,519.47998046875,512.0800170898438,515.6799926757812,70099000
2024-04-12,497.43133544921875,510.8500061035156,515.8200073242188,509.0799865722656,514.3699951171875,92561100
2024-04-15,491.1994934082031,504.45001220703125,515.2999877929688,503.5799865722656,515.1300048828125,92101400
2024-04-16,490.3036193847656,503.5299987792969,506.5,502.2099914550781,504.94000244140625,73484000
2024-04-17,487.4018249511719,500.54998779296875,506.2200012207031,499.1199951171875,506.04998779296875,75910300
2024-04-18,486.39892578125,499.5199890136719,504.1300048828125,498.55999755859375,501.9800109863281,74548100
2024-04-19,482.15350341796875,495.1600036621094,500.4599914550781,493.8599853515625,499.44000244140625,102212600
2024-04-22,486.59368896484375,499.7200012207031,502.3800048828125,495.42999267578125,497.8299865722656,67961000
2024-04-23,492.36785888671875,505.6499938964844,506.0899963378906,499.5299987792969,501.7799987792969,64633600
2024-04-24,492.1342468261719,505.4100036621094,507.3699951171875,503.1300048828125,506.55999755859375,55928100
2024-04-25,490.2646484375,503.489990234375,504.2699890136719,497.489990234375,499.17999267578125,69122400
2024-04-26,494.9093933105469,508.260009765625,509.8800048828125,505.70001220703125,506.3500061035156,64306100
2024-04-29,496.662109375,510.05999755859375,510.75,507.25,510.0899963378906,46415400
2024-04-30,488.7943420410156,501.9800109863281,509.55999755859375,501.9800109863281,508.55999755859375,77483600
2024-05-01,487.2071228027344,500.3500061035156,508.19000244140625,499.8699951171875,501.3800048828125,80242800
2024-05-02,491.7641906738281,505.0299987792969,505.8900146484375,499.54998779296875,504.1499938964844,62550200
2024-05-03,497.85980224609375,511.2900085449219,512.5499877929688,508.55999755859375,511.1600036621094,72756700
2024-05-06,503.0010681152344,516.5700073242188,516.6099853515625,513.2999877929688,513.75,47264700
2024-05-07,503.5561828613281,517.1400146484375,518.5700073242188,516.4500122070312,517.5599975585938,52561300
2024-05-08,503.604736328125,517.1900024414062,517.739990234375,515.1400146484375,515.260009765625,42047200
2024-05-09,506.5064697265625,520.1699829101562,520.2100219726562,516.7100219726562,517.3800048828125,43643700
2024-05-10,507.15899658203125,520.8400268554688,522.6400146484375,519.5900268554688,521.8099975585938,52233200
2024-05-13,507.22705078125,520.9099731445312,522.6699829101562,519.739990234375,522.5599975585938,36716400
2024-05-14,509.5543518066406,523.2999877929688,523.8300170898438,520.5599975585938,521.1099853515625,57535900
2024-05-15,515.8641357421875,529.780029296875,530.0800170898438,525.1799926757812,525.8300170898438,59504900
2024-05-16,514.8026733398438,528.6900024414062,531.52001953125,528.5399780273438,529.8800048828125,50244800
2024-05-17,515.5427856445312,529.4500122070312,529.52001953125,527.3200073242188,528.8099975585938,59187600
2024-05-20,516.1367797851562,530.0599975585938,531.5599975585938,529.1699829101562,529.5700073242188,37764200
2024-05-21,517.4025268554688,531.3599853515625,531.52001953125,529.0700073242188,529.280029296875,33437000
2024-05-22,515.912841796875,529.8300170898438,531.3800048828125,527.5999755859375,530.6500244140625,48390000
2024-05-23,512.1443481445312,525.9600219726562,533.0700073242188,524.719970703125,532.9600219726562,57211200
2024-05-24,515.5330200195312,529.4400024414062,530.27001953125,526.8800048828125,527.8499755859375,41291100
2024-05-28,515.8932495117188,529.8099975585938,530.510009765625,527.1099853515625,530.27001953125,36269600
2024-05-29,512.2808227539062,526.0999755859375,527.3099975585938,525.3699951171875,525.6799926757812,45190300
2024-05-30,508.88238525390625,522.6099853515625,525.2000122070312,521.3300170898438,524.52001953125,46377600
2024-05-31,513.5174560546875,527.3699951171875,527.5,518.3599853515625,523.5900268554688,90785800
2024-06-03,513.9360961914062,527.7999877929688,529.3099975585938,522.5999755859375,529.02001953125,46835700
2024-06-04,514.5105590820312,528.3900146484375,529.1500244140625,524.9600219726562,526.4600219726562,34632700
2024-06-05,520.6255493164062,534.6699829101562,534.6900024414062,528.72998046875,530.77001953125,47610400
2024-06-06,520.6159057617188,534.6599731445312,535.4199829101562,532.6799926757812,534.97998046875,30808500
2024-06-07,519.9830322265625,534.010009765625,536.8900146484375,532.5399780273438,533.6599731445312,43224500
2024-06-10,521.589599609375,535.6599731445312,535.989990234375,532.5700073242188,533.1799926757812,35686100
2024-06-11,522.8457641601562,536.9500122070312,537.010009765625,532.0499877929688,534.0700073242188,36383400
2024-06-12,527.139892578125,541.3599853515625,544.1199951171875,540.2999877929688,541.6300048828125,63251300
2024-06-13,528.201416015625,542.4500122070312,543.3300170898438,539.5900268554688,543.1500244140625,44760900
2024-06-14,528.522705078125,542.780029296875,542.8099975585938,539.8499755859375,540.8800048828125,40089900
2024-06-17,532.7291870117188,547.0999755859375,548.530029296875,541.6099853515625,542.0800170898438,55839500
2024-06-18,534.0827026367188,548.489990234375,548.6199951171875,546.72998046875,547.1599731445312,41376400
2024-06-20,532.6318359375,547.0,550.1199951171875,545.1799926757812,549.4400024414062,70328200
2024-06-21,531.9176635742188,544.510009765625,545.6500244140625,543.02001953125,544.4000244140625,64338600
2024-06-24,530.1885986328125,542.739990234375,546.9500122070312,542.6199951171875,544.3300170898438,45528700
2024-06-25,532.2303466796875,544.8300170898438,545.2000122070312,542.4400024414062,543.989990234375,37936200
2024-06-26,532.8946533203125,545.510009765625,546.239990234375,543.030029296875,543.6900024414062,38550600
2024-06-27,533.7346801757812,546.3699951171875,546.9600219726562,544.6099853515625,545.3699951171875,35041500
2024-06-28,531.6343994140625,544.219970703125,550.280029296875,542.9500122070312,547.1599731445312,76144500
2024-07-01,532.728515625,545.3400268554688,545.8800048828125,542.52001953125,545.6300048828125,40297800
2024-07-02,536.3136596679688,549.010009765625,549.010009765625,543.6500244140625,543.7000122070312,40434800
2024-07-03,538.70703125,551.4600219726562,551.8300170898438,548.6500244140625,548.6900024414062,32789900
2024-07-05,541.8134765625,554.6400146484375,555.0499877929688,551.1199951171875,551.77001953125,41488400
2024-07-08,542.4386596679688,555.280029296875,556.25,554.1900024414062,555.4400024414062,36110500
2024-07-09,542.9661865234375,555.8200073242188,557.1799926757812,555.52001953125,556.260009765625,27289700
2024-07-10,548.3388671875,561.3200073242188,561.6699829101562,556.77001953125,557.0700073242188,38701200
2024-07-11,543.6109008789062,556.47998046875,562.3300170898438,555.8300170898438,561.4400024414062,53054200
2024-07-12,547.0396118164062,559.989990234375,563.6699829101562,557.1500244140625,557.6300048828125,53084400
2024-07-15,548.5440063476562,561.530029296875,564.8400268554688,559.6300048828125,562.030029296875,40584300
2024-07-16,551.7970581054688,564.8599853515625,565.1599731445312,562.0999755859375,562.8699951171875,36475300
2024-07-17,544.060302734375,556.9400024414062,560.510009765625,556.6099853515625,558.7999877929688,57119000
2024-07-18,539.8790893554688,552.6599731445312,559.52001953125,550.4299926757812,558.510009765625,56270400
2024-07-19,536.2941284179688,548.989990234375,554.0800170898438,547.9099731445312,552.4199829101562,65509100
2024-07-22,541.8232421875,554.6500244140625,555.27001953125,551.02001953125,553.0,43346700
2024-07-23,540.9733276367188,553.780029296875,556.739990234375,553.280029296875,554.5399780273438,34439600
2024-07-24,528.7135009765625,541.22998046875,549.1699829101562,540.2899780273438,548.8599853515625,74515300
2024-07-25,525.958740234375,538.4099731445312,547.4600219726562,537.4500122070312,541.3499755859375,61158300
2024-07-26,531.8493041992188,544.4400024414062,547.1900024414062,541.489990234375,542.280029296875,53763800
2024-07-29,532.161865234375,544.760009765625,547.0499877929688,542.719970703125,546.02001953125,39515800
2024-07-30,529.4656982421875,542.0,547.3400268554688,538.52001953125,546.260009765625,46853600
2024-07-31,538.072021484375,550.8099975585938,553.5,547.5800170898438,548.97998046875,65663400
2024-08-01,530.4522705078125,543.010009765625,554.8699951171875,539.4299926757812,552.5700073242188,76428700
2024-08-02,520.5762939453125,532.9000244140625,536.989990234375,528.5999755859375,535.75,82789100
2024-08-05,505.41510009765625,517.3800048828125,523.5800170898438,510.2699890136719,511.6400146484375,146267400
2024-08-06,510.0747375488281,522.1500244140625,529.75,517.8699951171875,519.219970703125,84826300
2024-08-07,506.6654357910156,518.6599731445312,531.5900268554688,518.0499877929688,528.469970703125,70698300
2024-08-08,518.3782348632812,530.6500244140625,531.2899780273438,521.8400268554688,523.9099731445312,63276600
2024-08-09,520.6640625,532.989990234375,534.510009765625,528.5599975585938,529.8099975585938,45619600
2024-08-12,520.9376831054688,533.27001953125,535.72998046875,530.9500122070312,534.2100219726562,42542100
2024-08-13,529.5047607421875,542.0399780273438,542.280029296875,536.280029296875,536.530029296875,52333100
2024-08-14,531.1753540039062,543.75,544.9600219726562,540.1199951171875,542.8499755859375,42446900
2024-08-15,540.2797241210938,553.0700073242188,553.3599853515625,548.8800048828125,549.5,60846800
2024-08-16,541.4911499023438,554.3099975585938,555.02001953125,551.260009765625,551.4199829101562,44430700
2024-08-19,546.66845703125,559.6099853515625,559.6099853515625,553.8599853515625,554.72998046875,39121800
2024-08-20,545.779541015625,558.7000122070312,560.8400268554688,557.3300170898438,559.1500244140625,33732300
2024-08-21,547.6550903320312,560.6199951171875,562.1099853515625,554.72998046875,559.77001953125,41514600
2024-08-22,543.35693359375,556.219970703125,563.1799926757812,554.97998046875,562.5599975585938,56121500
2024-08-23,549.1301879882812,562.1300048828125,563.0900268554688,557.2899780273438,559.530029296875,50639400
2024-08-26,547.8212280273438,560.7899780273438,563.9099731445312,559.0499877929688,563.1799926757812,35788600
2024-08-27,548.5734252929688,561.5599975585938,562.0599975585938,558.3200073242188,559.489990234375,32693900
2024-08-28,545.3887329101562,558.2999877929688,561.6500244140625,555.0399780273438,561.2100219726562,41066000
2024-08-29,545.4375610351562,558.3499755859375,563.6799926757812,557.1799926757812,560.3099975585938,38715200
2024-08-30,550.6443481445312,563.6799926757812,564.2000122070312,557.1400146484375,560.77001953125,62700100
2024-09-03,539.3126831054688,552.0800170898438,560.8099975585938,549.510009765625,560.469970703125,60600100
2024-09-04,538.208740234375,550.9500122070312,554.4299926757812,549.4600219726562,550.2000122070312,47224900
2024-09-05,536.8997192382812,549.6099853515625,553.7999877929688,547.0999755859375,550.8900146484375,44264300
2024-09-06,527.863525390625,540.3599853515625,551.5999755859375,539.4400024414062,549.9400024414062,68493800
2024-09-09,533.773681640625,546.4099731445312,547.7100219726562,542.6799926757812,544.6500244140625,40445800
2024-09-10,536.0986328125,548.7899780273438,549.1500244140625,543.3800048828125,548.3599853515625,36394600
2024-09-11,541.5985107421875,554.4199829101562,555.3599853515625,539.9600219726562,548.7000122070312,75248600
2024-09-12,546.1605224609375,559.0900268554688,559.4000244140625,552.739990234375,555.010009765625,51819600
2024-09-13,549.0128784179688,562.010009765625,563.030029296875,559.4500122070312,559.7100219726562,39310500
2024-09-16,549.8237915039062,562.8400268554688,563.1099853515625,559.9000244140625,561.739990234375,36656100
2024-09-17,550.0484619140625,563.0700073242188,566.5800170898438,560.7899780273438,565.0999755859375,49321000
2024-09-18,548.4171142578125,561.4000244140625,568.6900024414062,560.8300170898438,563.739990234375,59044900
2024-09-19,557.7755737304688,570.97998046875,572.8800048828125,568.0800170898438,571.010009765625,75315500
2024-09-20,556.8114013671875,568.25,569.3099975585938,565.1699829101562,567.8400268554688,77503100
2024-09-23,558.2026977539062,569.6699829101562,570.3300170898438,568.0999755859375,569.3400268554688,44116900
2024-09-24,559.7999877929688,571.2999877929688,571.3599853515625,567.5999755859375,570.47998046875,46805700
2024-09-25,558.5653076171875,570.0399780273438,571.8900146484375,568.9099731445312,571.1400146484375,38428600
2024-09-26,560.77978515625,572.2999877929688,574.7100219726562,569.9000244140625,574.3800048828125,48336000
2024-09-27,559.9664916992188,571.469970703125,574.219970703125,570.4199829101562,573.3900146484375,42100900
2024-09-30,562.21044921875,573.760009765625,574.3800048828125,568.0800170898438,570.4199829101562,63557400
2024-10-01,557.1739501953125,568.6199951171875,574.0599975585938,566.0,573.4000244140625,72668800
2024-10-02,557.4090576171875,568.8599853515625,569.9000244140625,565.27001953125,567.7100219726562,38097800
2024-10-03,556.3899536132812,567.8200073242188,569.7999877929688,565.489990234375,567.3599853515625,40846500
2024-10-04,561.4461669921875,572.97998046875,573.3599853515625,568.0999755859375,572.3499755859375,42939100
2024-10-07,556.370361328125,567.7999877929688,571.9600219726562,566.6300048828125,571.2999877929688,49964700
2024-10-08,561.6323852539062,573.1699829101562,573.780029296875,569.530029296875,570.4199829101562,37398700
2024-10-09,565.5223999023438,577.1400146484375,577.7100219726562,572.5499877929688,573.1599731445312,37912200
2024-10-10,564.53271484375,576.1300048828125,577.5800170898438,574.489990234375,575.77001953125,44138100
2024-10-11,567.9132690429688,579.5800170898438,580.3300170898438,575.9099731445312,576.0499877929688,42268000
2024-10-14,572.557861328125,584.3200073242188,585.27001953125,580.72998046875,581.219970703125,36217200
2024-10-15,568.1093139648438,579.780029296875,584.9000244140625,578.5399780273438,584.5900268554688,54203600
2024-10-16,570.5784912109375,582.2999877929688,582.8300170898438,578.9600219726562,579.780029296875,30725400
2024-10-17,570.6275634765625,582.3499755859375,586.1199951171875,582.1599731445312,585.9099731445312,34393700
2024-10-18,572.8223876953125,584.5900268554688,585.3900146484375,582.5800170898438,584.0700073242188,37416800
2024-10-21,571.8818359375,583.6300048828125,584.8499755859375,580.5999755859375,583.8499755859375,36439000
2024-10-22,571.5780639648438,583.3200073242188,584.5,580.3800048828125,581.0499877929688,34183800
2024-10-23,566.3551635742188,577.989990234375,581.7100219726562,574.4199829101562,581.260009765625,49314600
2024-10-24,567.5801391601562,579.239990234375,580.0599975585938,576.5700073242188,579.97998046875,34979900
2024-10-25,567.3840942382812,579.0399780273438,584.4600219726562,578.0800170898438,581.510009765625,47268200
2024-10-28,569.1381225585938,580.8300170898438,582.7100219726562,580.52001953125,582.5800170898438,30174700
2024-10-29,570.0592651367188,581.77001953125,582.9099731445312,578.4299926757812,579.8499755859375,42899700
2024-10-30,568.3345947265625,580.010009765625,583.3200073242188,579.2899780273438,581.2899780273438,41435800
2024-10-31,557.1934814453125,568.6400146484375,575.6300048828125,568.4400024414062,575.5599975585938,60182500
2024-11-01,559.545166015625,571.0399780273438,575.5499877929688,570.6199951171875,571.3200073242188,45667500
2024-11-04,558.3399658203125,569.8099975585938,572.5,567.8900146484375,571.1799926757812,38217000
2024-11-05,565.0912475585938,576.7000122070312,576.739990234375,570.52001953125,570.739990234375,39478300
2024-11-06,579.1425170898438,591.0399780273438,591.9299926757812,585.3900146484375,589.2000122070312,68182000
2024-11-07,583.62060546875,595.6099853515625,596.6500244140625,593.0,593.0800170898438,47233200
2024-11-08,586.148681640625,598.1900024414062,599.6400146484375,596.1699829101562,596.1699829101562,46444900
2024-11-11,586.7070922851562,598.760009765625,600.1699829101562,597.0,599.8099975585938,37586800
2024-11-12,584.8846435546875,596.9000244140625,599.2899780273438,594.3699951171875,598.6799926757812,43006100
2024-11-13,585.1688232421875,597.1900024414062,599.22998046875,594.9600219726562,597.3699951171875,47388600
2024-11-14,581.406005859375,593.3499755859375,597.8099975585938,592.6500244140625,597.3200073242188,38904100
2024-11-15,573.958984375,585.75,590.2000122070312,583.8599853515625,589.719970703125,75988800
2024-11-18,576.3108520507812,588.1500244140625,589.489990234375,585.3400268554688,586.219970703125,37001700
2024-11-19,578.4174194335938,590.2999877929688,591.0399780273438,584.030029296875,584.7100219726562,49412000
2024-11-20,578.6134033203125,590.5,590.7899780273438,584.6300048828125,590.3800048828125,50032600
2024-11-21,581.7196655273438,593.6699829101562,595.1199951171875,587.4500122070312,593.4000244140625,46750300
2024-11-22,583.5226440429688,595.510009765625,596.1500244140625,593.1500244140625,593.6599731445312,38226400
2024-11-25,585.501953125,597.530029296875,600.8599853515625,595.2000122070312,599.52001953125,42441400
2024-11-26,588.5592041015625,600.6500244140625,601.3300170898438,598.0700073242188,598.7999877929688,45621300
2024-11-27,586.7758178710938,598.8300170898438,600.8499755859375,597.280029296875,600.4600219726562,34000200
2024-11-29,590.4209594726562,602.5499877929688,603.3499755859375,599.3800048828125,599.6599731445312,30177400
2024-12-02,591.4791259765625,603.6300048828125,604.3200073242188,602.469970703125,602.969970703125,31746000
2024-12-03,591.7534790039062,603.9099731445312,604.1599731445312,602.3400268554688,603.3900146484375,26906600
2024-12-04,595.427978515625,607.6599731445312,607.9099731445312,604.9500122070312,605.6300048828125,42787600
2024-12-05,594.4481811523438,606.6599731445312,608.47998046875,606.2999877929688,607.6599731445312,28762200
2024-12-06,595.5750122070312,607.8099975585938,609.0700073242188,607.02001953125,607.4400024414062,31241500
2024-12-09,592.5079956054688,604.6799926757812,607.8599853515625,604.0800170898438,607.6900024414062,34742700
2024-12-10,590.6658935546875,602.7999877929688,605.7999877929688,602.1300048828125,605.3699951171875,37234500
2024-12-11,595.2319946289062,607.4600219726562,608.4299926757812,605.5,605.780029296875,28677700
2024-12-12,592.1651611328125,604.3300170898438,607.1599731445312,604.3300170898438,606.5800170898438,31543800
2024-12-13,592.0475463867188,604.2100219726562,607.1300048828125,602.8099975585938,606.4000244140625,35904700
2024-12-16,594.5755004882812,606.7899780273438,607.780029296875,605.2100219726562,606.0,43695200
2024-12-17,592.1257934570312,604.2899780273438,605.1699829101562,602.8900146484375,604.1900024414062,55773500
2024-12-18,574.4783935546875,586.280029296875,606.4099731445312,585.8900146484375,603.97998046875,108248700
2024-12-19,574.3019409179688,586.0999755859375,593.0,585.8499755859375,591.3599853515625,85919500
2024-12-20,581.199951171875,591.1500244140625,595.75,580.9099731445312,581.77001953125,125716700
2024-12-23,584.6803588867188,594.6900024414062,595.2999877929688,587.6599731445312,590.8900146484375,57635800
2024-12-24,591.1790771484375,601.2999877929688,601.3400268554688,595.469970703125,596.0599975585938,33160100
2024-12-26,591.218505859375,601.3400268554688,602.47998046875,598.0800170898438,599.5,41219100
2024-12-27,584.9949340820312,595.010009765625,597.780029296875,590.760009765625,597.5399780273438,64969300
2024-12-30,578.3191528320312,588.219970703125,591.739990234375,584.4099731445312,587.8900146484375,56578800
2024-12-31,576.2152709960938,586.0800170898438,590.6400146484375,584.4199829101562,589.9099731445312,57052700
2025-01-02,574.799560546875,584.6400146484375,591.1300048828125,580.5,589.3900146484375,50204000
2025-01-03,581.9865112304688,591.9500122070312,592.5999755859375,586.4299926757812,587.530029296875,37888500
2025-01-06,585.3390502929688,595.3599853515625,599.7000122070312,593.5999755859375,596.27001953125,47679400
2025-01-07,578.7223510742188,588.6300048828125,597.75,586.780029296875,597.4199829101562,60393100
2025-01-08,579.5678100585938,589.489990234375,590.5800170898438,585.2000122070312,588.7000122070312,47304700
2025-01-10,570.7192993164062,580.489990234375,585.9500122070312,578.5499877929688,585.8800048828125,73105000
2025-01-13,571.604248046875,581.3900146484375,581.75,575.3499755859375,575.77001953125,47910100
2025-01-14,572.3907470703125,582.1900024414062,585.0,578.3499755859375,584.3599853515625,48420600
2025-01-15,582.802490234375,592.780029296875,593.9400024414062,589.2000122070312,590.3300170898438,56900200
2025-01-16,581.6817626953125,591.6400146484375,594.3499755859375,590.9299926757812,594.1699829101562,43319700
2025-01-17,587.521728515625,597.5800170898438,599.3599853515625,595.6099853515625,596.9600219726562,58070600
2025-01-21,592.899658203125,603.0499877929688,603.0599975585938,598.6699829101562,600.6699829101562,42532900
2025-01-22,596.232666015625,606.4400024414062,607.8200073242188,605.3599853515625,605.9199829101562,48196000
2025-01-23,599.4868774414062,609.75,609.75,605.52001953125,605.7999877929688,41152100
2025-01-24,597.7366943359375,607.969970703125,610.780029296875,606.7999877929688,609.8099975585938,34604700
2025-01-27,589.2816162109375,599.3699951171875,599.6900024414062,594.6400146484375,594.8099975585938,70361100
2025-01-28,594.3449096679688,604.52001953125,605.3699951171875,597.25,600.6199951171875,44433300
2025-01-29,591.6805419921875,601.8099975585938,604.1300048828125,599.219970703125,603.719970703125,37177400
2025-01-30,594.8561401367188,605.0399780273438,606.5999755859375,600.719970703125,603.9600219726562,39281300
2025-01-31,591.6903686523438,601.8200073242188,609.9600219726562,601.0499877929688,607.5,66566900
2025-02-03,587.7085571289062,597.77001953125,600.2899780273438,590.489990234375,592.6699829101562,65857200
2025-02-04,591.6510009765625,601.780029296875,602.2999877929688,597.280029296875,597.8300170898438,33457800
2025-02-05,594.0498657226562,604.219970703125,604.3699951171875,598.5800170898438,600.6400146484375,30653100
2025-02-06,596.1146240234375,606.3200073242188,606.4500122070312,602.6300048828125,605.989990234375,35771500
2025-02-07,590.6580810546875,600.77001953125,608.1300048828125,600.0499877929688,606.8900146484375,50788500
2025-02-10,594.6693115234375,604.8499755859375,605.5,602.739990234375,604.030029296875,26048700
2025-02-11,595.12158203125,605.3099975585938,605.8599853515625,602.4299926757812,602.5499877929688,30056700
2025-02-12,593.2044067382812,603.3599853515625,604.5499877929688,598.510009765625,599.2000122070312,45076100
2025-02-13,599.4672241210938,609.72998046875,609.9400024414062,603.2000122070312,604.47998046875,40921300
2025-02-14,599.4376831054688,609.7000122070312,610.989990234375,609.0700073242188,609.9400024414062,26910400
2025-02-18,601.1974487304688,611.489990234375,611.489990234375,608.3800048828125,610.8800048828125,26749000
2025-02-19,602.61328125,612.9299926757812,613.22998046875,609.5599975585938,610.0800170898438,31011100
2025-02-20,600.1063232421875,610.3800048828125,611.6799926757812,607.02001953125,611.5399780273438,36554000
2025-02-21,589.8419799804688,599.9400024414062,610.2999877929688,599.469970703125,610.1599731445312,76519800
2025-02-24,587.157958984375,597.2100219726562,603.030029296875,596.489990234375,602.02001953125,50737200
2025-02-25,584.2378540039062,594.239990234375,597.8900146484375,589.5599975585938,597.1500244140625,58266500
2025-02-26,584.5328979492188,594.5399780273438,599.5800170898438,591.8599853515625,595.9299926757812,43321600
2025-02-27,575.20263671875,585.0499877929688,598.02001953125,584.6500244140625,596.8499755859375,74196700
2025-02-28,584.1788940429688,594.1799926757812,594.719970703125,582.4400024414062,585.5599975585938,88744100
2025-03-03,573.9441528320312,583.77001953125,597.3400268554688,579.9000244140625,596.1799926757812,74249200
2025-03-04,567.1505737304688,576.8599853515625,585.3900146484375,572.25,579.7100219726562,109648200
2025-03-05,573.24609375,583.0599975585938,584.8800048828125,573.0800170898438,576.6900024414062,71230500
2025-03-06,563.0703125,572.7100219726562,580.1699829101562,570.1199951171875,575.47998046875,80094900
2025-03-07,566.2262573242188,575.9199829101562,577.3900146484375,565.6300048828125,570.9000244140625,81158800
2025-03-10,551.14453125,560.5800170898438,569.5399780273438,555.5900268554688,567.5900268554688,99326600
2025-03-11,546.5629272460938,555.9199829101562,564.02001953125,552.02001953125,559.4000244140625,88102100
2025-03-12,549.4632568359375,558.8699951171875,563.1099853515625,553.6900024414062,562.1699829101562,69588200
2025-03-13,542.1386108398438,551.4199829101562,559.1099853515625,549.6799926757812,558.489990234375,74079400
2025-03-14,553.3369140625,562.8099975585938,563.8300170898438,551.489990234375,556.1099853515625,62660300
2025-03-17,557.60400390625,567.1500244140625,569.7100219726562,562.3499755859375,562.7899780273438,49008700
2025-03-18,551.5771484375,561.02001953125,565.02001953125,559.0599975585938,564.7999877929688,66041400
2025-03-19,557.5843505859375,567.1300048828125,570.9500122070312,561.6300048828125,562.8300170898438,66556000
2025-03-20,555.9718017578125,565.489990234375,570.5700073242188,562.5999755859375,563.3300170898438,62958200
2025-03-21,556.1552734375,563.97998046875,564.8900146484375,558.030029296875,559.280029296875,83763000
2025-03-24,566.1151733398438,574.0800170898438,575.1500244140625,570.2000122070312,570.7999877929688,58766800
2025-03-25,567.4760131835938,575.4600219726562,576.4099731445312,573.6900024414062,575.2999877929688,38355700
2025-03-26,560.7012939453125,568.5900268554688,576.3300170898438,567.1900024414062,575.1900024414062,51848300
2025-03-27,559.2122802734375,567.0800170898438,570.9000244140625,564.9400024414062,567.1799926757812,42164200
2025-03-28,547.95068359375,555.6599731445312,566.27001953125,555.0700073242188,565.530029296875,71662700
2025-03-31,551.6289672851562,559.3900146484375,560.7100219726562,546.8699951171875,549.8300170898438,95328200
